Fecha,Muertes,Casos_Confirmados,Tasa_de_Contagio
2020-03-22,2,251,251
2020-03-23,3,316,65
2020-03-24,4,367,51
2020-03-25,5,405,38
2020-03-26,6,475,70
2020-03-27,8,585,110
2020-03-28,12,717,132
2020-03-29,16,848,131
2020-03-30,20,993,145
2020-03-31,28,1094,101
2020-04-01,29,1215,121
2020-04-02,37,1378,163
2020-04-03,50,1510,132
2020-04-04,60,1688,178
2020-04-05,79,1890,202
2020-04-06,94,2143,253
2020-04-07,125,2439,296
2020-04-08,141,2785,346
2020-04-09,174,3181,396
2020-04-10,194,3441,260
2020-04-11,233,3844,403
2020-04-12,273,4219,375
2020-04-13,296,4661,442
2020-04-14,332,5014,353
2020-04-15,406,5399,385
2020-04-16,449,5847,448
2020-04-17,486,6297,450
2020-04-18,546,6875,578
2020-04-19,650,7497,622
2020-04-20,686,8261,764
2020-04-21,712,8772,511
2020-04-22,857,9501,729
2020-04-24,1069,11633,2132
2020-04-25,1221,12872,1239
2020-04-26,1305,13842,970
2020-04-27,1351,14677,835
2020-04-28,1434,15529,852
2020-04-29,1569,16752,1223
2020-04-30,1732,17799,1047
2020-05-01,1859,19224,1425
2020-05-02,1972,20739,1515
2020-05-03,2061,22088,1349
2020-05-04,2154,23471,1383
2020-05-05,2271,24905,1434
2020-05-06,2507,26025,1120
2020-05-07,2704,27634,1609
2020-05-08,2961,29616,1982
2020-05-09,3160,31522,1906
2020-05-10,3353,33460,1938
2020-05-11,3465,35022,1562
2020-05-12,3573,36327,1305
2020-05-13,3926,38324,1997
2020-05-14,4220,40186,1862
2020-05-15,4477,42595,2409
2020-05-16,4767,45032,2437
2020-05-17,5045,47144,2112
2020-05-18,5177,49219,2075
2020-05-19,5332,51633,2414
2020-05-20,5666,54346,2713
2020-05-21,6090,56594,2248
2020-05-22,6510,59567,2973
2020-05-23,6989,62527,2960
2020-05-24,7179,65856,3329
2020-05-25,7394,68620,2764
2020-05-26,7633,71105,2485
2020-05-27,8134,74560,3455
2020-05-28,8597,78023,3463
2020-05-29,9044,81400,3377
2020-05-30,9415,84627,3227
2020-05-31,9779,87512,2885
2020-06-01,9930,90664,3152
2020-06-02,10167,93435,2771
2020-06-03,10637,97326,3891
2020-06-04,11729,101238,3912
2020-06-05,12545,105680,4442
2020-06-06,13170,110026,4346
2020-06-07,13511,113619,3593
2020-06-08,13699,117103,3484
2020-06-09,14053,120102,2999
2020-06-10,14649,124301,4199
2020-06-11,15357,129184,4883
2020-06-12,15944,133974,4790
2020-06-13,16448,139196,5222
2020-06-14,16872,142690,3494
2020-06-15,17141,146837,4147
2020-06-16,17580,150264,3427
2020-06-17,18310,154863,4599
2020-06-18,19080,159793,4930
2020-06-19,19747,165455,5662
2020-06-20,20394,170485,5030
2020-06-21,20781,175202,4717
2020-06-22,21825,180545,5343
2020-06-23,22584,185122,4577
2020-06-24,23377,191410,6288
2020-06-25,24324,196847,5437
2020-06-26,25060,202951,6104
2020-06-27,25779,208392,5441
2020-06-28,26381,212802,4410
2020-06-29,26648,216852,4050
2020-06-30,27121,220657,3805
2020-07-01,27769,226089,5432
2020-07-02,28510,231770,5681
2020-07-03,29189,238511,6741
2020-07-04,29843,245251,6740
2020-07-05,30366,252165,6914
2020-07-06,30639,256848,4683
2020-07-07,31119,261750,4902
2020-07-08,32014,268008,6258
2020-07-09,32796,275003,6995
2020-07-10,33526,282283,7280
2020-07-11,34191,289174,6891
2020-07-12,34730,295268,6094
2020-07-13,35006,299750,4482
2020-07-14,35491,304435,4685
2020-07-15,36327,311486,7051
2020-07-16,36906,317635,6149
2020-07-17,37574,324041,6406
2020-07-18,38310,331298,7257
2020-07-19,38888,338913,7615
2020-07-20,39184,344224,5311
2020-07-21,39485,349396,5172
2020-07-22,40400,356255,6859
2020-07-23,41190,362274,6019
2020-07-24,41908,370712,8438
2020-07-25,42645,378285,7573
2020-07-26,43374,385036,6751
2020-07-27,43680,390516,5480
2020-07-28,44022,395489,4973
2020-07-29,44876,402697,7208
2020-07-30,45361,408449,5752
2020-07-31,46000,416179,7730
2020-08-01,46688,424637,8458
2020-08-02,47472,434193,9556
2020-08-03,47746,439046,4853
2020-08-04,48012,443813,4767
2020-08-05,48869,449961,6148
2020-08-06,49698,456100,6139
2020-08-07,50517,462690,6590
2020-08-08,51311,469407,6717
2020-08-09,52006,475902,6495
2020-08-10,52298,480278,4376
2020-08-11,53003,485836,5558
2020-08-12,53929,492522,6686
2020-08-13,54666,498380,5858
2020-08-14,55293,505751,7371
2020-08-15,55908,511369,5618
2020-08-16,56543,517714,6345
2020-08-17,56757,522162,4448
2020-08-18,57023,525733,3571
2020-08-19,57774,531239,5506
2020-08-20,58481,537031,5792
2020-08-21,59106,543806,6775
2020-08-22,59610,549734,5928
2020-08-23,60254,556216,6482
2020-08-24,60480,560164,3948
2020-08-25,60800,563705,3541
2020-08-26,61450,568621,4916
2020-08-27,62076,573888,5267
2020-08-28,62594,579914,6026
2020-08-29,63146,585738,5824
2020-08-30,63819,591712,5974
2020-08-31,64158,595841,4129
2020-09-01,64414,599560,3719
2020-09-02,65241,606036,6476
2020-09-03,65816,610957,4921
2020-09-04,66329,616894,5937
2020-09-05,66851,623090,6196
2020-09-06,67326,629409,6319
2020-09-07,67558,634023,4614
2020-09-08,67781,637509,3486
2020-09-09,68484,642860,5351
2020-09-10,69049,647321,4461
2020-09-11,69649,652364,5043
2020-09-12,70183,658299,5935
2020-09-13,70604,663973,5674
2020-09-14,70821,668381,4408
2020-09-15,71049,671716,3335
2020-09-16,71678,676487,4771
2020-09-17,71978,680931,4444
2020-09-18,72179,684113,3182
2020-09-19,72803,688954,4841
2020-09-20,73258,694121,5167
2020-09-21,73493,697663,3542
2020-09-22,73697,700580,2917
2020-09-23,74348,705263,4683
2020-09-24,74949,710049,4786
2020-09-25,75439,715457,5408
2020-09-26,75844,720858,5401
2020-09-27,76243,726431,5573
2020-09-28,76430,730317,3886
2020-09-29,76603,733717,3400
2020-09-30,77163,738163,4446
2020-10-01,77646,743216,5053
2020-10-02,78078,748315,5099
2020-10-03,78492,753090,4775
2020-10-04,78880,757953,4863
2020-10-05,79088,761665,3712
2020-10-06,81877,789780,28115
2020-10-07,82348,794608,4828
2020-10-08,82726,799188,4580
2020-10-09,83096,804488,5300
2020-10-10,83497,810020,5532
2020-10-11,83642,814328,4308
2020-10-12,83781,817503,3175
2020-10-13,83945,821045,3542
2020-10-14,84420,825340,4295
2020-10-15,84898,829396,4056
2020-10-16,85285,834910,5514
2020-10-17,85704,841661,6751
2020-10-18,86059,847108,5447
2020-10-19,86167,851227,4119
2020-10-20,86338,854926,3699
2020-10-21,86893,860714,5788
2020-10-22,87415,867559,6845
2020-10-23,87415,874171,6612
2020-10-24,88312,880775,6604
2020-10-25,88743,886800,6025
2020-10-26,88924,891160,4360
2020-10-27,89171,895326,4166
2020-10-28,89814,901268,5942
2020-10-29,90309,906863,5595
2020-10-30,90773,912811,5948
2020-10-31,91289,918811,6000
2020-11-01,91753,924962,6151
2020-11-02,91895,929392,4430
2020-11-03,92100,933155,3763
2020-11-04,92593,938405,5250
2020-11-05,93228,943630,5225
2020-11-06,93772,949197,5567
2020-11-07,94323,955128,5931
2020-11-08,94808,961938,6810
2020-11-09,95027,967825,5887
2020-11-10,95225,972785,4960
2020-11-11,95842,978531,5746
2020-11-12,96430,986177,7646
2020-11-13,97056,991835,5658
2020-11-14,97624,997393,5558
2020-11-15,98259,1003253,5860
2020-11-16,98542,1006522,3269
2020-11-17,98861,1009396,2874
2020-11-18,99026,1011153,1757
2020-11-19,99528,1015071,3918
2020-11-20,100104,1019543,4472
2020-11-21,100823,1025969,6426
2020-11-22,101373,1032688,6719
2020-11-23,101676,1041875,9187
2020-11-24,101926,1049358,7483
2020-11-25,102739,1060152,10794
2020-11-26,103597,1070487,10335
2020-11-27,104242,1078594,8107
2020-11-28,104873,1090675,12081
2020-11-29,105459,1101403,10728
2020-11-30,105655,1107071,5668
2020-12-01,105940,1113543,6472
2020-12-02,106765,1122362,8819
2020-12-03,107565,1133613,11251
2020-12-04,108173,1144643,11030
2020-12-05,108863,1156770,12127
2020-12-06,109456,1168395,11625
2020-12-07,109717,1175850,7455
2020-12-08,110074,1182249,6399
2020-12-09,110874,1193255,11006
2020-12-10,111655,1205229,11974
2020-12-11,112326,1217126,11897
2020-12-12,113019,1229379,12253
2020-12-13,113704,1241436,12057
2020-12-14,113953,1250044,8608
2020-12-15,114298,1255974,5930
2020-12-16,115099,1267202,11228
2020-12-17,115769,1277499,10297
2020-12-18,116487,1289298,11799
2020-12-19,117249,1301546,12248
2020-12-20,117876,1313675,12129
2020-12-21,118202,1320545,6870
2020-12-22,118598,1325915,5370
2020-12-23,119495,1338426,12511
2020-12-24,120311,1350079,11653
2020-12-25,121172,1362564,12485
2020-12-26,121837,1372243,9679
2020-12-27,122026,1377217,4974
2020-12-28,122426,1383434,6217
2020-12-29,122855,1389430,5996
2020-12-30,123845,1401529,12099
2020-12-31,124897,1413935,12406
2021-01-01,125807,1426094,12159
2021-01-02,126507,1437185,11091
2021-01-03,126851,1443544,6359
2021-01-04,127213,1448755,5211
2021-01-05,127757,1455219,6464
2021-01-06,128822,1466490,11271
2021-01-07,129987,1479835,13345
2021-01-08,131031,1493569,13734
2021-01-09,132069,1507931,14362
2021-01-10,133204,1524036,16105
2021-01-11,133706,1534039,10003
2021-01-12,134368,1541633,7594
2021-01-13,135682,1556028,14395
2021-01-14,136917,1571901,15873
2021-01-15,137916,1588369,16468
2021-01-16,139022,1609735,21366
2021-01-17,140241,1630258,20523
2021-01-18,140704,1641428,11170
2021-01-19,141248,1649502,8074
2021-01-20,142832,1668396,18894
2021-01-21,144371,1688944,20548
2021-01-22,146174,1711283,22339
2021-01-23,147614,1732290,21007
2021-01-24,149084,1752347,20057
2021-01-25,149614,1763219,10872
2021-01-26,150273,1771740,8521
2021-01-27,152016,1788905,17165
2021-01-28,153639,1806849,17944
2021-01-29,155145,1825519,18670
2021-01-30,156579,1841893,16374
2021-01-31,158074,1857230,15337
2021-02-01,158536,1864260,7030
2021-02-02,159100,1869708,5448
2021-02-03,159533,1874092,4384
2021-02-04,161240,1886245,12153
2021-02-05,161240,1886245,0
2021-02-06,164290,1912871,26626
2021-02-07,165786,1926080,13209
2021-02-08,166200,1932145,6065
2021-02-09,166731,1936013,3868
2021-02-10,168432,1946751,10738
2021-02-11,169760,1957889,11138
2021-02-12,171234,1968566,10677
2021-02-13,172557,1978954,10388
2021-02-14,173771,1988695,9741
2021-02-15,174207,1992794,4099
2021-02-16,174657,1995892,3098
2021-02-17,175986,2004575,8683
2021-02-18,177061,2013563,8988
2021-02-19,178108,2022662,9099
2021-02-20,178965,2030491,7829
2021-02-21,179797,2038276,7785
2021-02-22,180107,2041380,3104
2021-02-23,180536,2043632,2252
2021-02-24,181809,2052266,8634
2021-02-25,182815,2060908,8642
2021-02-26,183692,2069370,8462
2021-02-27,184474,2076882,7512
2021-02-28,185257,2084128,7246
2021-03-01,185715,2086938,2810
2021-03-02,186152,2089281,2343
2021-03-03,187187,2097194,7913
2021-03-04,188044,2104987,7793
2021-03-05,188866,2112508,7521
2021-03-06,189578,2119305,6797
2021-03-07,190357,2125866,6561
2021-03-08,190604,2128600,2734
2021-03-09,190923,2130477,1877
2021-03-10,191789,2137884,7407
2021-03-11,192491,2144486,6602
2021-03-12,193152,2150955,6469
2021-03-13,193851,2157771,6816
2021-03-14,194490,2163875,6104
2021-03-15,194710,2166290,2415
2021-03-16,194944,2167729,1439
2021-03-17,195119,2169007,1278
2021-03-18,195908,2175462,6455
2021-03-19,196606,2182188,6726
2021-03-20,197219,2187910,5722
2021-03-21,197827,2193639,5729
2021-03-22,198036,2195772,2133
2021-03-23,198239,2197160,1388
2021-03-24,199048,2203041,5881
2021-03-25,199627,2208755,5714
2021-03-26,200211,2214542,5787
2021-03-27,200862,2219845,5303
2021-03-28,201429,2224904,5059
2021-03-29,201623,2226550,1646
2021-03-30,201832,2227843,1293
2021-03-31,202633,2232910,5067
2021-04-01,203210,2238887,5977
2021-04-02,203664,2244268,5381
2021-04-03,203854,2247357,3089
2021-04-04,204011,2249195,1838
2021-04-05,204147,2250458,1263
2021-04-06,204399,2251705,1247
2021-04-07,204985,2256509,4804
2021-04-08,205598,2261879,5370
2021-04-09,206146,2267019,5140
2021-04-10,207020,2272064,5045
2021-04-11,209212,2278420,6356
2021-04-12,209338,2280213,1793
2021-04-13,209702,2281840,1627
2021-04-14,210282,2286352,4512
2021-04-15,210812,2291246,4894
2021-04-16,211213,2295435,4189
2021-04-17,211693,2299939,4504
2021-04-18,212228,2304096,4157
2021-04-19,212339,2305602,1506
2021-04-20,212466,2306910,1308
2021-04-21,213048,2311172,4262
2021-04-22,213597,2315811,4639
2021-04-23,214095,2319519,3708
2021-04-24,214504,2323430,3911
2021-04-25,214853,2326738,3308
2021-04-26,214947,2328391,1653
2021-04-27,215113,2329534,1143
2021-04-28,215547,2333126,3592
2021-04-29,215918,2336944,3818
2021-04-30,216447,2340934,3990
2021-05-01,216907,2344755,3821
2021-05-02,217168,2347780,3025
2021-05-03,217233,2348873,1093
2021-05-04,217345,2349900,1027
2021-05-05,217740,2352964,3064
2021-05-06,218007,2355985,3021
2021-05-07,218173,2358831,2846
2021-05-08,218657,2361874,3043
2021-05-09,218928,2364617,2743
2021-05-10,218985,2365792,1175
2021-05-11,219089,2366496,704
2021-05-12,219323,2368393,1897
2021-05-13,219590,2371483,3090
2021-05-14,219901,2375115,3632
2021-05-15,220159,2377995,2880
2021-05-16,220384,2380690,2695
2021-05-17,220437,2381923,1233
2021-05-18,220493,2382745,822
2021-05-19,220746,2385512,2767
2021-05-20,220850,2387512,2000
2021-05-21,221080,2390140,2628
2021-05-22,221256,2392744,2604
2021-05-23,221597,2395330,2586
2021-05-24,221647,2396604,1274
2021-05-25,221695,2397307,703
2021-05-26,221960,2399790,2483
2021-05-27,222232,2402722,2932
2021-05-28,222661,2405772,3050
2021-05-29,223072,2408778,3006
2021-05-30,223455,2411503,2725
2021-05-31,223507,2412810,1307
2021-06-01,223568,2413742,932
2021-06-02,227840,2420659,6917
2021-06-03,228146,2423928,3269
2021-06-04,228362,2426822,2894
2021-06-05,228568,2429631,2809
2021-06-06,228758,2431702,2071
2021-06-07,228804,2433681,1979
2021-06-08,228838,2434562,881
2021-06-09,229100,2438011,3449
2021-06-10,229353,2441866,3855
2021-06-11,229580,2445538,3672
2021-06-12,229823,2448820,3282
2021-06-13,230097,2452469,3649
2021-06-14,230150,2454176,1707
2021-06-15,230187,2455351,1175
2021-06-16,230428,2459601,4250
2021-06-17,230624,2463390,3789
2021-06-18,230792,2467643,4253
2021-06-19,230959,2471741,4098
2021-06-20,230959,2471741,0
2021-06-21,231187,2477283,5542
2021-06-22,231244,2478551,1268
2021-06-23,231505,2482784,4233
2021-06-24,231847,2487747,4963
2021-06-25,232068,2493087,5340
2021-06-26,232346,2498357,5270
2021-06-27,232521,2503408,5051
2021-06-28,232564,2505792,2384
2021-06-29,232608,2507453,1661
2021-06-30,232803,2513164,5711
2021-07-01,233047,2519269,6105
2021-07-02,233248,2525350,6081
2021-07-03,233428,2531192,5842
2021-07-04,233580,2537457,6265
2021-07-05,233622,2540068,2611
2021-07-06,233689,2541873,1805
2021-07-07,233958,2549862,7989
2021-07-08,234192,2558369,8507
2021-07-09,234458,2567821,9452
2021-07-10,234675,2577140,9319
2021-07-11,234907,2586721,9581
2021-07-12,234969,2590500,3779
2021-07-13,235058,2593574,3074
2021-07-14,235277,2604711,11137
2021-07-15,235507,2616827,12116
2021-07-16,235740,2629648,12821
2021-07-17,236015,2642068,12420
2021-07-18,236240,2654699,12631
2021-07-19,236331,2659137,4438
2021-07-20,236469,2664444,5307
2021-07-21,236810,2678297,13853
2021-07-22,237207,2693495,15198
2021-07-23,237626,2709739,16244
2021-07-24,237954,2726160,16421
2021-07-25,238316,2741983,15823
2021-07-26,238424,2748518,6535
2021-07-27,238595,2754438,5920
2021-07-28,239079,2771846,17408
2021-07-29,239616,2790874,19028
2021-07-30,239997,2810097,19223
2021-07-31,240456,2829443,19346
2021-08-01,240906,2848252,18809
2021-08-02,241034,2854992,6740
2021-08-03,241279,2861498,6506
2021-08-04,241936,2880409,18911
2021-08-05,242547,2901094,20685
2021-08-06,243165,2922663,21569
2021-08-07,243733,2944226,21563
2021-08-08,244248,2964244,20018
2021-08-09,244420,2971817,7573
2021-08-10,244690,2978330,6513
2021-08-11,245476,2997885,19555
2021-08-12,246203,3020596,22711
2021-08-13,246811,3045571,24975
2021-08-14,247414,3068329,22758
2021-08-15,248167,3091971,23642
2021-08-16,248167,3091971,0
2021-08-17,248652,3108438,16467
2021-08-18,249529,3123252,14814
2021-08-19,250469,3152205,28953
2021-08-20,251305,3175374,23169
2021-08-21,252080,3197108,21734
2021-08-22,252927,3217415,20307
2021-08-23,253155,3225073,7658
2021-08-24,253526,3231616,6543
2021-08-25,254466,3249878,18262
2021-08-26,255452,3271128,21250
2021-08-27,256287,3291761,20633
2021-08-28,257150,3311317,19556
2021-08-29,257906,3328863,17546
2021-08-30,258165,3335700,6837
2021-08-31,258491,3341264,5564
2021-09-01,259326,3352410,11146
2021-09-02,260503,3369747,17337
2021-09-03,261496,3387885,18138
2021-09-04,262221,3405294,17409
2021-09-05,262868,3420880,15586
2021-09-06,263140,3428384,7504
2021-09-07,263470,3433511,5127
2021-09-08,264541,3449295,15784
2021-09-09,265420,3465171,15876
2021-09-10,266150,3479999,14828
2021-09-11,266150,3479999,0
2021-09-12,267524,3506743,26744
2021-09-13,267748,3511882,5139
2021-09-14,267969,3516043,4161
2021-09-15,269016,3528972,12929
2021-09-16,269913,3542189,13217
2021-09-17,270348,3549229,7040
2021-09-18,270538,3552983,3754
2021-09-19,270538,3552983,0
2021-09-20,271503,3569677,16694
2021-09-21,271765,3573044,3367
2021-09-22,272580,3585565,12521
2021-09-23,273391,3597168,11603
2021-09-24,274139,3608976,11808
2021-09-25,274703,3619115,10139
2021-09-26,274703,3619115,0
2021-09-27,275450,3632800,13685
2021-09-28,275676,3635807,3007
2021-09-29,276376,3645599,9792
2021-09-30,276973,3655395,9796
2021-10-01,277507,3664223,8828
2021-10-02,277978,3671611,7388
2021-10-03,278592,3678980,7369
2021-10-04,278592,3678980,0
2021-10-05,279106,3684242,5262
2021-10-06,279106,3684242,0
2021-10-07,279896,3691924,7682
2021-10-08,281121,3707234,15310
2021-10-09,281610,3714392,7158
2021-10-10,281610,3714392,0
2021-10-11,282086,3723235,8843
2021-10-12,282227,3725242,2007
2021-10-13,282773,3732429,7187
2021-10-14,283193,3738749,6320
2021-10-15,283574,3744574,5825
2021-10-16,284008,3749860,5286
2021-10-17,284321,3755063,5203
2021-10-18,284381,3757056,1993
2021-10-19,284477,3758469,1413
2021-10-20,284925,3762689,4220
2021-10-21,285347,3767758,5069
2021-10-22,285669,3772556,4798
2021-10-23,285953,3777209,4653
2021-10-24,286259,3781661,4452
2021-10-25,286259,3781661,0
2021-10-26,286496,3784448,2787
2021-10-27,286496,3784448,0
2021-10-28,286888,3788986,4538
2021-10-29,287631,3798286,9300
2021-10-30,287951,3802287,4001
2021-10-31,288276,3805765,3478
2021-11-01,288365,3807211,1446
2021-11-02,288365,3807211,0
2021-11-03,288464,3808205,994
2021-11-04,288733,3811793,3588
2021-11-05,288887,3814453,2660
2021-11-06,289131,3818216,3763
2021-11-07,289674,3825404,7188
2021-11-08,289734,3826786,1382
2021-11-09,289734,3826786,0
2021-11-10,290110,3831259,4473
2021-11-11,290110,3831259,0
2021-11-12,290630,3838308,7049
2021-11-13,290630,3838308,0
2021-11-14,290872,3841661,3353
2021-11-15,291089,3844791,3130
2021-11-16,291147,3845733,942
2021-11-17,291204,3846508,775
2021-11-18,291573,3851079,4571
2021-11-19,291929,3854994,3915
2021-11-20,291929,3854994,0
2021-11-21,292145,3858831,3837
2021-11-22,292372,3862137,3306
2021-11-23,292524,3864278,2141
2021-11-24,292524,3864278,0
2021-11-25,292850,3867976,3698
2021-11-26,293449,3876391,8415
2021-11-27,293614,3879836,3445
2021-11-28,293614,3879836,0
2021-11-29,293859,3882792,2956
2021-11-30,293950,3884566,1774
2021-12-01,293950,3884566,0
2021-12-02,294428,3891218,6652
2021-12-03,294428,3891218,0
2021-12-04,294904,3897452,6234
2021-12-05,294904,3897452,0
2021-12-06,295203,3901263,3811
2021-12-07,295313,3902015,752
2021-12-08,295313,3902015,0
2021-12-09,295602,3905319,3304
2021-12-10,296188,3911714,6395
2021-12-11,296188,3911714,0
2021-12-12,296385,3914706,2992
2021-12-13,296620,3917361,2655
2021-12-14,296672,3918216,855
2021-12-15,296721,3918987,771
2021-12-16,297188,3924638,5651
2021-12-17,297356,3927265,2627
2021-12-18,297356,3927265,0
2021-12-19,297568,3930015,2750
2021-12-20,297835,3932545,2530
2021-12-21,297916,3934102,1557
2021-12-22,297916,3934102,0
2021-12-23,298161,3937082,2980
2021-12-24,298359,3940401,3319
2021-12-25,298670,3947284,6883
2021-12-26,298759,3950200,2916
2021-12-27,298759,3950200,0
2021-12-28,298777,3951003,803
2021-12-29,298819,3951946,943
2021-12-30,298944,3956372,4426
2021-12-31,299132,3961662,5290
2022-01-01,299428,3979723,18061
2022-01-02,299525,3988916,9193
2022-01-03,299544,3990587,1671
2022-01-04,299581,3993464,2877
2022-01-05,299711,4008648,15184
2022-01-06,299842,4029274,20626
2022-01-07,299970,4055095,25821
2022-01-08,300101,4083118,28023
2022-01-09,300303,4113789,30671
2022-01-10,300334,4125388,11599
2022-01-11,300334,4125388,0
2022-01-12,300574,4170066,44678
2022-01-13,300764,4214253,44187
2022-01-14,300912,4257776,43523
2022-01-15,300912,4257776,0
2022-01-16,301334,4349182,91406
2022-01-17,301410,4368314,19132
2022-01-18,301469,4385415,17101
2022-01-19,301469,4385415,0
2022-01-20,302112,4495310,109895
2022-01-21,302112,4495310,0
2022-01-22,302721,4595589,100279
2022-01-23,302721,4595589,0
2022-01-24,303183,4667829,72240
2022-01-25,303301,4685767,17938
2022-01-26,303776,4730669,44902
2022-01-27,303776,4730669,0
2022-01-28,304308,4779296,48627
2022-01-29,305240,4873561,94265
2022-01-30,305762,4916143,42582
2022-01-31,305893,4930069,13926
2022-02-01,306091,4942590,12521
2022-02-02,306920,4985689,43099
2022-02-03,306920,4985689,0
2022-02-04,307493,5027870,42181
2022-02-05,308829,5106048,78178
2022-02-06,309417,5141291,35243
2022-02-07,309546,5151525,10234
2022-02-08,309752,5160767,9242
2022-02-09,309884,5167110,6343
2022-02-10,310627,5192008,24898
2022-02-11,310627,5192008,0
2022-02-12,311554,5226269,34261
2022-02-13,312697,5283852,57583
2022-02-14,312697,5283852,0
2022-02-15,312819,5292706,8854
2022-02-16,312965,5300537,7831
2022-02-17,314128,5344840,44303
2022-02-18,314598,5366405,21565
2022-02-19,314598,5366405,0
2022-02-20,315525,5407711,41306
2022-02-21,315688,5413425,5714
2022-02-22,315688,5413425,0
2022-02-23,315786,5418257,4832
2022-02-24,316941,5455237,36980
2022-02-25,317303,5473489,18252
2022-02-26,317683,5489127,15638
2022-02-27,318014,5502586,13459
2022-02-28,318086,5506105,3519
2022-03-01,318149,5508629,2524
2022-03-02,318531,5521744,13115
2022-03-03,318531,5521744,0
2022-03-04,318835,5534086,12342
2022-03-05,319296,5544644,10558
2022-03-06,319604,5554392,9748
2022-03-07,319859,5564985,10593
2022-03-08,319901,5566669,1684
2022-03-09,320166,5575608,8939
2022-03-10,320408,5583993,8385
2022-03-11,320607,5591871,7878
2022-03-12,320607,5591871,0
2022-03-13,321054,5605636,13765
2022-03-14,321103,5606827,1191
2022-03-15,321115,5607845,1018
2022-03-16,321115,5607845,0
2022-03-17,321375,5613870,6025
2022-03-18,321806,5624954,11084
2022-03-19,321806,5624954,0
2022-03-20,321931,5629814,4860
2022-03-21,322072,5633928,4114
2022-03-22,322092,5634829,901
2022-03-23,322119,5636054,1225
2022-03-24,322119,5636054,0
2022-03-25,322277,5640305,4251
2022-03-26,322634,5647041,6736
2022-03-27,322634,5647041,0
2022-03-28,322750,5650896,3855
2022-03-29,322761,5651553,657
2022-03-30,322845,5654311,2758
2022-03-31,322845,5654311,0
2022-04-01,323016,5659535,5224
2022-04-02,323127,5662073,2538
2022-04-03,323212,5665376,3303
2022-04-04,323223,5666215,839
2022-04-05,323235,5666921,706
2022-04-06,323318,5671144,4223
2022-04-07,323403,5683288,12144
2022-04-08,323508,5715504,32216
2022-04-09,323595,5719829,4325
2022-04-10,323691,5722596,2767
2022-04-11,323725,5722933,337
2022-04-12,323727,5723214,281
2022-04-15,323891,5725075,1861
2022-04-16,323903,5725476,401
2022-04-17,323938,5726668,1192
2022-04-18,323944,5727668,1000
2022-04-19,323944,5727668,0
2022-04-20,323973,5729270,1602
2022-04-21,324004,5730560,1290
2022-04-22,324033,5731635,1075
2022-04-23,324033,5731635,0
2022-04-24,324120,5733428,1793
2022-04-25,324129,5733785,357
2022-04-26,324134,5733925,140
2022-04-27,324173,5735115,1190
2022-04-28,324221,5736579,1464
2022-04-29,324254,5737811,1232
2022-04-30,324294,5738769,958
2022-05-01,324334,5739680,911
2022-05-02,324334,5739680,0
2022-05-03,324350,5740080,400
2022-05-04,324334,5739680,-400
2022-05-05,324334,5739680,0
2022-05-06,324334,5739680,0
2022-05-07,324334,5739680,0
2022-05-08,324334,5739680,0
2022-05-09,324334,5739680,0
2022-05-10,324465,5745652,5972
2022-05-11,324465,5745652,0
2022-05-12,324465,5745652,0
2022-05-13,324465,5745652,0
2022-05-14,324465,5745652,0
2022-05-15,324465,5745652,0
2022-05-16,324465,5745652,0
2022-05-17,324617,5752441,6789
2022-05-18,324617,5752441,0
2022-05-19,324617,5752441,0
2022-05-20,324617,5752441,0
2022-05-21,324617,5752441,0
2022-05-22,324617,5752441,0
2022-05-24,324768,5759773,7332
2022-05-25,324768,5759773,0
2022-05-27,324768,5759773,0
2022-05-28,324768,5759773,0
2022-05-29,324768,5759773,0
2022-05-30,324768,5759773,0
2022-05-31,324895,5772996,13223
2022-06-01,324922,5775977,2981
2022-06-02,324951,5779027,3050
2022-06-03,324966,5782405,3378
2022-06-04,324966,5782405,0
2022-06-05,325000,5789401,6996
2022-06-06,325017,5791282,1881
2022-06-07,325023,5792317,1035
2022-06-08,325042,5797427,5110
2022-06-09,325055,5802672,5245
2022-06-10,325055,5802672,0
2022-06-11,325144,5814866,12194
2022-06-12,325186,5821262,6396
2022-06-13,325194,5823844,2582
2022-06-14,325194,5823844,0
2022-06-15,325242,5833738,9894
2022-06-16,325271,5843190,9452
2022-06-17,325340,5852596,9406
2022-06-18,325340,5852596,0
2022-06-19,325340,5852596,0
2022-06-20,325408,5875705,23109
2022-06-21,325417,5877837,2132
2022-06-22,325458,5891589,13752
2022-06-23,325458,5891589,0
2022-06-24,325487,5906953,15364
2022-06-25,325511,5923086,16133
2022-06-26,325576,5956732,33646
2022-06-27,325580,5962615,5883
2022-06-28,325596,5965958,3343
2022-06-29,325638,5986917,20959
2022-06-30,325638,5986917,0
2022-07-01,325716,6034602,47685
2022-07-02,325747,6058689,24087
2022-07-03,325747,6058689,0
2022-07-04,325788,6089600,30911
2022-07-05,325793,6093835,4235
2022-07-06,325868,6121808,27973
2022-07-07,325928,6152924,31116
2022-07-08,325976,6185219,32295
2022-07-09,325976,6185219,0
2022-07-10,326077,6249983,64764
2022-07-11,326085,6259325,9342
2022-07-12,326097,6265311,5986
2022-07-13,326189,6301645,36334
2022-07-14,326261,6338991,37346
2022-07-15,326335,6373876,34885
2022-07-16,326420,6408443,34567
2022-07-17,326491,6439616,31173
2022-07-18,326504,6448477,8861
2022-07-19,326504,6448477,0
2022-07-20,326657,6488358,39881
2022-07-21,326764,6523019,34661
2022-07-22,326879,6556679,33660
2022-07-23,326968,6588854,32175
2022-07-24,327073,6617393,28539
2022-07-25,327089,6624310,6917
2022-07-26,327109,6628541,4231
2022-07-27,327109,6628541,0
2022-07-28,327412,6686954,58413
2022-07-29,327412,6686954,0
2022-07-30,327525,6711847,24893
2022-07-31,327525,6711847,0
2022-08-01,327525,6711847,0
2022-08-02,327755,6761149,49302
2022-08-03,327883,6782980,21831
2022-08-04,328006,6803190,20210
2022-08-05,328128,6821746,18556
2022-08-06,328128,6821746,0
2022-08-07,328306,6854180,32434
2022-08-08,328320,6857470,3290
2022-08-09,328342,6859970,2500
2022-08-10,328437,6875708,15738
2022-08-11,328437,6875708,0
2022-08-12,328437,6875708,0
2022-08-13,328437,6875708,0
2022-08-14,328724,6925668,49960
2022-08-15,328732,6927636,1968
2022-08-16,328736,6929003,1367
2022-08-17,328798,6939755,10752
2022-08-18,328871,6949653,9898
2022-08-19,328871,6949653,0
2022-08-20,328871,6949653,0
2022-08-21,328871,6949653,0
2022-08-22,328871,6949653,0
2022-08-23,328871,6949653,0
2022-08-24,329174,6986328,36675
2022-08-25,329225,6994309,7981
2022-08-26,329289,7001590,7281
2022-08-27,329289,7001590,0
2022-08-28,329289,7001590,0
2022-08-29,329390,7014510,12920
2022-08-30,329390,7014510,0
2022-08-31,329390,7014510,0
2022-09-01,329390,7014510,0
2022-09-02,329536,7032024,17514
2022-09-03,329572,7036371,4347
2022-09-04,329572,7036371,0
2022-09-05,329622,7041181,4810
2022-09-06,329622,7041181,0
2022-09-07,329652,7046220,5039
2022-09-08,329652,7046220,0
2022-09-09,329652,7046220,0
2022-09-10,329652,7046220,0
2022-09-11,329736,7056269,10049
2022-09-12,329762,7059489,3220
2022-09-14,329767,7059936,447
2022-09-15,329767,7059936,0
2022-09-16,329767,7059936,0
2022-09-17,329767,7059936,0
2022-09-18,329895,7069764,9828
2022-09-19,329895,7069764,0
2022-09-20,329895,7069764,0
2022-09-21,329920,7073203,3439
2022-09-22,329949,7076005,2802
2022-09-23,329949,7076005,0
2022-09-24,330017,7080152,4147
2022-09-25,330043,7081747,1595
2022-09-26,330043,7081747,0
2022-09-27,330046,7082034,287
2022-09-28,330046,7082034,0
2022-09-29,330046,7082034,0
2022-09-30,330101,7087812,5778
2022-10-01,330112,7089209,1397
2022-10-02,330131,7090330,1121
2022-10-03,330131,7090330,0
2022-10-04,330139,7090965,635
2022-10-05,330139,7090965,0
2022-10-06,330139,7090965,0
2022-10-07,330139,7090965,0
2022-10-08,330202,7095696,4731
2022-10-09,330202,7095696,0
2022-10-10,330208,7097264,1568
2022-10-11,330208,7097264,0
2022-10-12,330233,7098525,1261
2022-10-13,330250,7099723,1198
2022-10-14,330254,7100886,1163
2022-10-15,330254,7100886,0
2022-10-16,330277,7102947,2061
2022-10-17,330277,7102947,0
2022-10-18,330279,7103339,392
2022-10-19,330279,7103339,0
2022-10-20,330279,7103339,0
2022-10-21,330305,7105565,2226
2022-10-22,330320,7106018,453
2022-10-23,330320,7106018,0
2022-10-24,330331,7106865,847
2022-10-25,330331,7106865,0
2022-10-26,330341,7107987,1122
2022-10-27,330353,7108686,699
2022-10-28,330353,7108686,0
2022-10-29,330353,7108686,0
2022-10-30,330353,7108686,0
2022-10-31,330376,7111104,2418
2022-11-03,330410,7112504,1400
2022-11-04,330410,7112504,0
2022-11-05,330424,7113658,1154
2022-11-06,330424,7113658,0
2022-11-07,330424,7113658,0
2022-11-10,330417,7115535,1877
2022-11-11,330430,7116424,889
2022-11-12,330430,7116424,0
2022-11-13,330430,7116424,0
2022-11-14,330430,7116424,0
2022-11-15,330444,7118933,2509
2022-11-16,330444,7118933,0
2022-11-17,330444,7118933,0
2022-11-18,330444,7118933,0
2022-11-19,330444,7118933,0
2022-11-20,330444,7118933,0
2022-11-21,330444,7118933,0
2022-11-22,330444,7118933,0
2022-11-23,330493,7125443,6510
2022-12-02,330525,7132792,7349
2022-12-03,330525,7132792,0
2022-12-04,330525,7132792,0
2022-12-05,330525,7132792,0
2022-12-06,330592,7145409,12617
2022-12-07,330602,7148886,3477
2022-12-08,330633,7152852,3966
2022-12-09,330667,7156730,3878
2022-12-10,330667,7156730,0
2022-12-11,330667,7156730,0
2022-12-12,330667,7156730,0
2022-12-13,330701,7164392,7662
2022-12-14,330729,7169653,5261
2022-12-15,330729,7169653,0
2022-12-16,330743,7174464,4811
2022-12-17,330743,7174464,0
2022-12-18,330795,7188862,14398
2022-12-19,330795,7188862,0
2022-12-20,330805,7190702,1840
2022-12-21,330834,7196485,5783
